id,nama,email,no_hp,tanggal_daftar,status
1001,ahmad sari,ahmadsari27@yahoo.com,08789739692,06-12-22,active
1002,BAMBANG PUTRA,bambangputra41@yahoo.com,08125249882,17/10/2023,active
1003,Arif Sari,arifsari6@yahoo.com,08576013251,01/09/2020,INACTIVE
1004,maya simanjuntak,mayasimanjuntak29@hotmail.com,08197046955,2022-03-19,active 
1005,wulan wijaya,wulanwijaya19@hotmail.com,08114653880,24-11-23,aktive
1006,Eko Putra,ekoputra34@gmail.com,08124958849,27-07-20,inactive
1007,BUDI SIMANJUNTAK,budisimanjuntak75@hotmail.com,08566444432,09/03/2025,inactive
1008,Ahmad pasaribu,ahmadpasaribu93@hotmail.com,08113807840,2020-05-12,aktive
1009,Mega Purnama,megapurnama38@yahoo.com,08213007387,20/06/2025,INACTIVE
1010,reza tarigan,rezatarigan26@gmail.com,08565078362,24/11/2021,active
1011,Reza Kusuma,rezakusuma30@yahoo.com,08111704531,2023-05-03,INACTIVE
1012,AGUS UTAMI,agusutami73@yahoo.com,08968973718,08/09/2020,aktive
1013,putri saputra,putrisaputra64@gmail.com,08963600333,2024-09-12,inactive
1014,Rudi Sari,rudisari84@hotmail.com,08522501223,2024-01-25,inactive
1015,aNI Nasution,aninasution44@hotmail.com,08193645741,24-07-21,inactive
1016,Siti hasibuan,sitihasibuan98@yahoo.com,08572533463,17-04-24,inactive
1018,Ratna Gunawan,ratnagunawan95@hotmail.com,08112002860,28-03-24,inactive
1019,Ika sembiring,ikasembiring59@yahoo.com,08523582322,2025-04-15,active
1020,Tono Lestari,tonolestari94@gmail.com,08782801733,2021-12-30,active
1021,SITI LUBIS,sitilubis22@yahoo.com,08139184645,27-09-23,active
1023,Dedi Sari,dedisari63@hotmail.com,08786827024,19-09-22,inactive
1024,Hendra tanjung,hendratanjung70@gmail.com,08574237420,25/07/2021,banned
1025,Dewi Setiawan,dewisetiawan8@hotmail.com,08117337911,2024-04-21,active
1026,Nur Utami,nurutami5@hotmail.com,08523260430,09/08/2020,inactive
1027,nur tanjung,nurtanjung86@gmail.com,08211662507,2021-05-28,active
1028,Ahmad Kusuma,ahmadkusuma98@gmail.com,08578340032,15/10/2022,active 
1029,Mega Kusuma,megakusuma53@gmail.com,08785944490,10/07/2023,active
1030,bambang manurung,bambangmanurung81@gmail.com,08789222379,01/03/2020,inactive
1031,Ratna Putra,ratnaputra9@gmail.com,08194131076,20/02/2024,inactive
1032,Sari sinaga,sarisinaga20@hotmail.com,08786832845,27/08/2024,active
1033,mega ginting,megaginting28@gmail.com,08528858359,17-10-22,active
1034,aGUS Wahyuni,aguswahyuni59@hotmail.com,08213690116,24/02/2020,active 
1035,Eko manurung,ekomanurung8@yahoo.com,08129911007,22-02-22,active
1036,mAYA pasaribu,mayapasaribu82@hotmail.com,08138539415,2023-10-23,active
1037,Ahmad Siregar,ahmadsiregar79@hotmail.com,08215418267,2020-11-08,inactive
1039,BAMBANG HIDAYAT,bambanghidayat3@yahoo.com,08571012076,16/07/2020,aktive
1040,rATNA Simanjuntak,ratnasimanjuntak69@gmail.com,08787359295,15-09-23,active
1041,Tono Nugroho,tononugroho53@hotmail.com,08131314067,2024-04-20,inactive
1042,RUDI SETIAWAN,rudisetiawan3@gmail.com,08967108168,2024-06-11,active
1043,Andi Harahap,andiharahap93@hotmail.com,08965006173,2021-02-17,inactive
1044,putri Wijaya,putriwijaya69@yahoo.com,08522062698,2023-09-17,active
1046,Nur Nugroho,nurnugroho90@hotmail.com,08199792431,19-06-21,INACTIVE
1047,Rudi Wahyuni,rudiwahyuni56@hotmail.com,08573585897,04-12-21,active
1048,hENDRA Harahap,hendraharahap14@gmail.com,08965750117,24/01/2023,inactive
1049,Ratna tarigan,ratnatarigan68@gmail.com,08527875379,04/05/2025,INACTIVE
1050,nur hasibuan,nurhasibuan31@gmail.com,08522853280,31/05/2022,aktive
1051,Maya Simanjuntak,mayasimanjuntak80@gmail.com,08129777848,2022-02-24,inactive
1052,pUTRI tanjung,putritanjung33@hotmail.com,08121734460,2021-10-06,inactive
1053,SRI NUGROHO,srinugroho35@yahoo.com,08133997061,2022-06-25,active
1054,Budi hasibuan,budihasibuan11@yahoo.com,08114390323,14/03/2020,inactive
1055,bambang Harahap,bambangharahap52@yahoo.com,08129143162,28-12-20,aktive
1056,doni manurung,donimanurung73@yahoo.com,08192656810,2023-09-12,banned
1057,Ahmad Gunawan,ahmadgunawan90@gmail.com,08117519606,16-12-24,active 
1058,DONI NASUTION,doninasution39@gmail.com,08579821818,2020-12-02,INACTIVE
1059,ANI SINAGA,anisinaga11@hotmail.com,08965293936,01/06/2022,active
1060,putri manurung,putrimanurung84@hotmail.com,08117146400,01-10-21,inactive
1061,bUDI Nasution,budinasution12@gmail.com,08192189067,2022-03-07,inactive
1062,Budi Sari,budisari49@yahoo.com,08114502044,13/04/2024,banned
1063,Maya ginting,mayaginting71@yahoo.com,08572341452,11-03-23,aktive
1064,MEGA WIJAYA,megawijaya8@yahoo.com,08572018380,01-10-22,banned
1066,yanti ginting,yantiginting22@hotmail.com,08521978112,09-01-23,active
1067,putri Simanjuntak,putrisimanjuntak64@gmail.com,08965459646,2022-08-20,banned
1068,Andi lubis,andilubis83@yahoo.com,08781682046,25/02/2023,active 
1069,rATNA Kusuma,ratnakusuma73@yahoo.com,08126098672,03/11/2022,active
1070,Dedi Nasution,dedinasution68@gmail.com,08124622201,2022-03-12,INACTIVE
1071,Eko manurung,ekomanurung30@gmail.com,08782629390,10-10-22,active 
1072,ARIF PASARIBU,arifpasaribu89@gmail.com,08124875838,2025-06-11,banned
1073,sri Wahyuni,sriwahyuni61@hotmail.com,08787464782,17-06-23,banned
1074,Ahmad Setiawan,ahmadsetiawan6@yahoo.com,08194240006,2021-12-23,inactive
1075,doni purnama,donipurnama88@gmail.com,08785173551,18/10/2021,active 
1076,mEGA Pratama,megapratama70@yahoo.com,08964001408,27-02-20,INACTIVE
1077,TONO SIMANJUNTAK,tonosimanjuntak85@hotmail.com,08787965641,02/04/2020,active 
1078,mega santoso,megasantoso23@gmail.com,08127005628,2024-09-10,INACTIVE
1079,AHMAD WIJAYA,ahmadwijaya3@yahoo.com,08578165129,15-12-21,active
1080,Maya Wijaya,mayawijaya76@gmail.com,08123798595,10/04/2023,banned
1081,JOKO HARAHAP,jokoharahap97@gmail.com,08137737011,16-04-24,active
1084,Tono Sitorus,tonositorus73@gmail.com,08968432510,2021-12-07,active
1085,Reza Siregar,rezasiregar73@gmail.com,08526287423,2022-04-23,INACTIVE
1086,eko sari,ekosari87@yahoo.com,08786446792,25-04-20,aktive
1087,wulan Setiawan,wulansetiawan43@hotmail.com,08527917972,15/05/2021,aktive
1088,Hendra tarigan,hendratarigan97@yahoo.com,08566426605,25-04-21,aktive
1089,Nur tanjung,nurtanjung18@hotmail.com,08965038654,01-10-21,inactive
1090,Rini Wijaya,riniwijaya93@hotmail.com,08964589118,22-06-20,INACTIVE
1091,Agus purba,aguspurba65@gmail.com,08565262908,2020-05-14,aktive
1092,MEGA LESTARI,megalestari45@hotmail.com,08528590070,2020-08-22,inactive
1093,Hendra Hidayat,hendrahidayat13@gmail.com,08577662074,13/12/2020,inactive
1094,BAMBANG PURNAMA,bambangpurnama30@yahoo.com,08111581546,2023-01-07,INACTIVE
1095,Hadi Pratama,hadipratama44@gmail.com,08211273509,2020-03-17,INACTIVE
1096,Dedi tarigan,deditarigan99@hotmail.com,08783266362,2023-09-09,active 
1097,Siti tanjung,sititanjung77@hotmail.com,08211110206,09-03-23,active
1098,Sari Santoso,sarisantoso42@yahoo.com,08214722641,2025-01-20,INACTIVE
1099,Hadi sinaga,hadisinaga82@gmail.com,08196283223,30/06/2021,banned
1100,Dewi Nugroho,dewinugroho58@yahoo.com,08115629792,2023-11-26,inactive
1102,Siti Kusuma,sitikusuma71@yahoo.com,08783595683,2021-10-10,active
1103,Rudi Utami,rudiutami56@yahoo.com,08121633110,2023-03-14,inactive
1104,rEZA Purnama,rezapurnama88@gmail.com,08576966913,22-10-21,aktive
1105,Muhammad hasibuan,muhammadhasibuan85@hotmail.com,08133322104,2020-07-19,active
1106,Ratna lubis,ratnalubis11@yahoo.com,08217158628,23-07-20,aktive
1107,aNDI Lestari,andilestari38@hotmail.com,08965191903,14/10/2023,aktive
1108,Siti Sitorus,sitisitorus92@gmail.com,08195299058,2021-11-19,inactive
1109,sITI hasibuan,sitihasibuan11@gmail.com,08212541912,26-10-22,aktive
1110,Siti Sitorus,sitisitorus20@yahoo.com,08967707501,26/11/2021,aktive
1111,Hadi tarigan,haditarigan92@yahoo.com,08964647992,2023-06-13,inactive
1112,siti harahap,sitiharahap20@hotmail.com,08126447428,2022-01-14,INACTIVE
1113,Dewi Pratama,dewipratama50@hotmail.com,08573900822,2021-02-17,active
1114,NUR TARIGAN,nurtarigan47@yahoo.com,08572599943,25/07/2023,aktive
1115,Rini sembiring,rinisembiring12@gmail.com,08966039762,17-09-24,active
1116,tono nasution,tononasution40@gmail.com,08117401281,2021-03-14,banned
1117,Joko Nugroho,jokonugroho47@yahoo.com,08121938227,27/06/2021,active
1118,tONO Harahap,tonoharahap14@yahoo.com,08526837300,31-08-21,INACTIVE
1119,bambang Lestari,bambanglestari12@gmail.com,08567988074,03/04/2022,active
1120,aGUS Putra,agusputra56@gmail.com,08124803691,03-07-23,inactive
1121,Andi lubis,andilubis72@yahoo.com,08961191837,15/05/2025,INACTIVE
1122,Hendra Saputra,hendrasaputra66@hotmail.com,08561908116,09-01-24,active
1124,Ika Sitorus,ikasitorus12@gmail.com,08116357242,2021-11-20,banned
1125,JOKO SIMANJUNTAK,jokosimanjuntak71@yahoo.com,08783509536,17-05-20,active 
1127,Maya Pratama,mayapratama42@hotmail.com,08193570227,2022-08-31,aktive
1128,ANI GUNAWAN,anigunawan2@yahoo.com,08117591477,2021-03-05,INACTIVE
1129,Sari Simanjuntak,sarisimanjuntak53@yahoo.com,08579467953,17/06/2024,active
1130,Ika purba,ikapurba11@yahoo.com,08124725978,2023-08-27,active
1131,Budi lubis,budilubis72@hotmail.com,08565861752,2022-10-30,aktive
1132,sri manurung,srimanurung74@gmail.com,08563483236,05-06-22,aktive
1133,mAYA Hidayat,mayahidayat22@hotmail.com,08136639966,2023-01-10,active 
1134,Maya Sari,mayasari49@hotmail.com,08128983516,2021-02-13,banned
1135,aNDI Utami,andiutami18@gmail.com,08961827302,2022-04-03,aktive
1136,eKO pasaribu,ekopasaribu39@yahoo.com,08787697318,03-07-23,active 
1137,Nur tanjung,nurtanjung64@yahoo.com,08212427388,17-07-22,banned
1138,dONI Siregar,donisiregar9@gmail.com,08569419194,12-04-24,INACTIVE
1139,hadi tarigan,haditarigan56@gmail.com,08563187332,04/01/2021,aktive
1140,Ahmad Nugroho,ahmadnugroho54@yahoo.com,08139068540,09-07-23,banned
1141,sITI Santoso,sitisantoso62@yahoo.com,08784323709,23/11/2022,aktive
1142,Andi tanjung,anditanjung47@gmail.com,08577632348,2023-03-27,active
1143,Dewi hasibuan,dewihasibuan32@yahoo.com,08964290000,12-03-21,banned
1144,Muhammad Nugroho,muhammadnugroho81@hotmail.com,08789795418,24-05-25,active 
1145,Rini Pratama,rinipratama77@yahoo.com,08195065372,2025-04-05,inactive
1147,Siti ginting,sitiginting14@yahoo.com,08566425946,27-12-22,banned
1148,Ratna Hidayat,ratnahidayat39@gmail.com,08962503148,2024-10-12,active
1149,Siti Gunawan,sitigunawan51@gmail.com,08127938755,29-03-25,inactive
1150,Hadi purba,hadipurba80@yahoo.com,08567128174,28-01-24,INACTIVE
1151,Siti sembiring,sitisembiring43@yahoo.com,08524195887,02-05-20,aktive
1153,ani sinaga,anisinaga84@yahoo.com,08961406123,05/08/2022,inactive
1154,Dedi Nugroho,dedinugroho18@hotmail.com,08213839632,07/05/2021,aktive
1155,Arif Hidayat,arifhidayat42@yahoo.com,08528419054,08-03-24,INACTIVE
1156,MEGA TARIGAN,megatarigan89@hotmail.com,08963446428,2024-04-16,INACTIVE
1157,REZA PURBA,rezapurba62@gmail.com,08571752920,2024-09-24,banned
1158,WULAN SANTOSO,wulansantoso23@yahoo.com,08194350161,2022-04-20,active
1159,Hadi Saputra,hadisaputra41@yahoo.com,08523617098,27/10/2024,inactive
1160,wulan purba,wulanpurba95@yahoo.com,08122885284,22/07/2023,inactive
1161,ARIF PURBA,arifpurba82@hotmail.com,08115077673,2024-09-28,banned
1162,Dewi purba,dewipurba74@yahoo.com,08963477610,2021-06-30,banned
1163,rudi tarigan,ruditarigan42@gmail.com,08211230406,16/08/2023,aktive
1164,YANTI PUTRA,yantiputra36@yahoo.com,08522866934,09-06-21,aktive
1165,hADI Purnama,hadipurnama47@yahoo.com,08218550780,16/05/2023,active
1167,Mega Santoso,megasantoso76@gmail.com,08524506598,20/08/2020,INACTIVE
1168,rUDI Saputra,rudisaputra24@hotmail.com,08784554677,28/01/2021,active
1169,jOKO sinaga,jokosinaga99@hotmail.com,08199778944,2021-05-17,aktive
1170,Ahmad Harahap,ahmadharahap4@hotmail.com,08219103837,2022-08-08,active
1171,sARI Simanjuntak,sarisimanjuntak60@hotmail.com,08963371416,2023-02-20,aktive
1172,Budi Sari,budisari27@hotmail.com,08117318411,14-05-22,active 
1173,bambang Kusuma,bambangkusuma38@yahoo.com,08969838222,28/01/2025,banned
1174,bambang wijaya,bambangwijaya9@hotmail.com,08115285846,17/02/2021,INACTIVE
1175,wulan Setiawan,wulansetiawan87@yahoo.com,08132008479,12/07/2021,aktive
1177,doni Sari,donisari39@hotmail.com,08965551347,2024-06-05,active 
1178,tONO Lestari,tonolestari33@gmail.com,08118800748,10-09-23,banned
1179,muhammad nugroho,muhammadnugroho20@hotmail.com,08112117325,26-12-20,inactive
1180,Hadi purba,hadipurba55@hotmail.com,08565551832,11/10/2024,aktive
1181,Arif hasibuan,arifhasibuan10@yahoo.com,08522810117,27-05-25,inactive
1182,Eko Setiawan,ekosetiawan77@yahoo.com,08115907261,22/09/2022,inactive
1183,nUR manurung,nurmanurung75@yahoo.com,08564878365,23/04/2020,inactive
1184,Agus lubis,aguslubis69@yahoo.com,08569531890,04-10-21,banned
1185,aRIF sembiring,arifsembiring89@hotmail.com,08126292472,02/09/2021,active
1186,sri lubis,srilubis70@yahoo.com,08579918107,2025-01-18,INACTIVE
1187,rUDI pasaribu,rudipasaribu47@gmail.com,08124127564,2025-01-10,inactive
1188,Andi Lestari,andilestari69@hotmail.com,08199399526,07-10-23,inactive
1189,Rudi lubis,rudilubis82@hotmail.com,08571360516,18/12/2024,banned
1190,Dewi Nasution,dewinasution14@gmail.com,08115150551,23-03-22,INACTIVE
1191,Rudi Simanjuntak,rudisimanjuntak85@gmail.com,08786115834,21/09/2024,INACTIVE
1192,SRI GUNAWAN,srigunawan46@hotmail.com,08529219709,28/04/2021,inactive
1193,Reza Sitorus,rezasitorus83@gmail.com,08563634111,15-03-23,inactive
1194,Agus Purnama,aguspurnama6@hotmail.com,08116818001,21/10/2022,inactive
1195,Nur Lestari,nurlestari83@hotmail.com,08526962255,04-12-22,active 
1196,Reza sembiring,rezasembiring83@hotmail.com,08214962858,24-08-24,active
1197,Arif Kusuma,arifkusuma97@yahoo.com,08785628469,28-04-25,active
1198,sri Harahap,sriharahap56@yahoo.com,08115323142,2021-05-30,aktive
1199,ika saputra,ikasaputra2@gmail.com,08561494355,16/12/2024,aktive
1200,putri Putra,putriputra34@gmail.com,08785700872,02-05-21,aktive
1201,MEGA PURBA,megapurba66@gmail.com,08193545240,2020-09-07,inactive
1202,BUDI WIJAYA,budiwijaya67@hotmail.com,08527590872,05-11-21,aktive
1203,Yanti Nasution,yantinasution75@hotmail.com,08132472955,2024-02-18,active
1204,Joko Purnama,jokopurnama74@hotmail.com,08569736195,08-07-24,aktive
1205,AHMAD SITORUS,ahmadsitorus58@gmail.com,08964815608,03/03/2024,active 
1206,Muhammad Wahyuni,muhammadwahyuni51@yahoo.com,08565032585,2025-03-30,active
1207,Mega Hidayat,megahidayat99@yahoo.com,08963562705,22/03/2021,active
1208,Budi sembiring,budisembiring76@hotmail.com,08566240913,06/08/2020,banned
1209,putri sembiring,putrisembiring65@hotmail.com,08966524481,2021-03-14,INACTIVE
1210,WULAN PUTRA,wulanputra45@gmail.com,08573210769,2022-06-19,active 
1211,Muhammad Harahap,muhammadharahap62@gmail.com,08193324928,04-06-21,inactive
1212,Ratna Putra,ratnaputra38@gmail.com,08964394202,2020-04-24,banned
1213,rini purnama,rinipurnama11@yahoo.com,08136184132,2022-12-28,inactive
1214,Hendra lubis,hendralubis94@gmail.com,08783269160,03/12/2023,active 
1215,rATNA Nasution,ratnanasution45@gmail.com,08563435253,10-10-21,inactive
1216,putri sembiring,putrisembiring44@yahoo.com,08963651604,2022-05-17,INACTIVE
1217,Sari hasibuan,sarihasibuan27@yahoo.com,08522137730,30/10/2023,aktive
1218,wulan ginting,wulanginting62@hotmail.com,08789941610,2025-05-26,active
1219,HENDRA SEMBIRING,hendrasembiring61@yahoo.com,08124089276,06/12/2024,inactive
1220,Dedi Siregar,dedisiregar57@gmail.com,08523441467,2022-01-13,INACTIVE
1221,putri Putra,putriputra90@hotmail.com,08116346688,2024-01-05,active
1222,bambang sinaga,bambangsinaga41@yahoo.com,08567899659,2024-08-09,inactive
1223,YANTI TANJUNG,yantitanjung39@gmail.com,08218432381,13-02-20,inactive
1224,Hendra Pratama,hendrapratama91@gmail.com,08213549416,03-06-25,active
1225,mEGA Utami,megautami3@gmail.com,08192791327,12-03-20,active
1226,maya simanjuntak,mayasimanjuntak83@yahoo.com,08134099531,18/09/2023,INACTIVE
1227,Andi Putra,andiputra87@gmail.com,08115477211,15-11-23,inactive
1228,ANDI PASARIBU,andipasaribu95@gmail.com,08964874049,2021-05-05,INACTIVE
1229,wULAN Nugroho,wulannugroho67@gmail.com,08964895376,2023-02-05,active 
1232,putri Sitorus,putrisitorus55@hotmail.com,08573249600,13-01-22,banned
1233,Budi tarigan,buditarigan30@yahoo.com,08788864546,06-09-20,inactive
1234,Tono Wahyuni,tonowahyuni81@yahoo.com,08524086613,10/11/2024,aktive
1235,ani Gunawan,anigunawan24@gmail.com,08569245088,2024-10-22,active 
1236,Dedi sembiring,dedisembiring85@hotmail.com,08573307080,06/03/2022,inactive
1237,wulan Simanjuntak,wulansimanjuntak51@yahoo.com,08134242361,2025-02-06,INACTIVE
1238,Ratna purba,ratnapurba95@gmail.com,08191540722,2025-03-14,inactive
1239,MEGA SIREGAR,megasiregar26@hotmail.com,08561251897,08/09/2021,active 
1240,wulan siregar,wulansiregar76@yahoo.com,08217929728,01/04/2025,inactive
1242,RUDI HASIBUAN,rudihasibuan91@gmail.com,08192109583,26/10/2024,aktive
1243,hendra manurung,hendramanurung27@gmail.com,08138369982,2025-02-18,inactive
1244,ika simanjuntak,ikasimanjuntak97@yahoo.com,08969219877,2023-07-17,inactive
1245,Rudi Sitorus,rudisitorus9@hotmail.com,08528676330,06-12-24,inactive
1246,Budi Pratama,budipratama14@hotmail.com,08198173194,12/04/2022,INACTIVE
1247,Andi tarigan,anditarigan24@hotmail.com,08561701728,15/07/2021,active
1248,Siti Utami,sitiutami42@yahoo.com,08967381619,2024-08-12,aktive
1249,eKO Purnama,ekopurnama59@gmail.com,08527612751,22-08-22,INACTIVE
1250,putri sembiring,putrisembiring34@gmail.com,08969995261,2022-04-25,aktive
1251,putri ginting,putriginting63@hotmail.com,08781646123,2024-01-09,INACTIVE
1252,Sari Pratama,saripratama82@hotmail.com,08782834023,30/11/2024,active 
1254,ani Putra,aniputra79@yahoo.com,08115122525,2023-12-01,active 
1255,putri tanjung,putritanjung76@yahoo.com,08787637254,02/11/2022,aktive
1256,BUDI PUTRA,budiputra45@gmail.com,08117499457,2021-12-21,banned
1257,BUDI NASUTION,budinasution59@yahoo.com,08781827040,18-05-23,active 
1258,Andi Siregar,andisiregar23@hotmail.com,08195885179,23-07-24,active
1260,bambang sinaga,bambangsinaga79@yahoo.com,08215796850,17-07-22,active 
1261,Ika Nasution,ikanasution11@hotmail.com,08573793181,26/02/2020,INACTIVE
1262,Muhammad Sari,muhammadsari18@hotmail.com,08565939543,06-08-23,active
1263,dewi gunawan,dewigunawan16@yahoo.com,08961915141,11-01-21,active
1264,bUDI manurung,budimanurung40@gmail.com,08783386384,27-06-22,active
1265,Nur manurung,nurmanurung24@gmail.com,08578578236,05/10/2020,inactive
1266,RUDI PASARIBU,rudipasaribu89@yahoo.com,08129399643,31/03/2022,banned
1267,Tono pasaribu,tonopasaribu66@gmail.com,08124016063,2023-07-10,active
1268,Mega Sari,megasari54@yahoo.com,08963270069,04-10-21,aktive
1269,sri tarigan,sritarigan18@hotmail.com,08567938373,17/06/2020,aktive
1270,Reza Sari,rezasari50@hotmail.com,08528564609,19/11/2020,aktive
1271,tono purba,tonopurba24@yahoo.com,08114001084,23-11-22,inactive
1272,Ratna Nugroho,ratnanugroho82@yahoo.com,08574387856,08-06-25,aktive
1273,Joko Harahap,jokoharahap89@hotmail.com,08572512963,11/04/2024,inactive
1274,Budi tarigan,buditarigan23@hotmail.com,08216437072,30-09-24,inactive
1275,Yanti Sari,yantisari22@hotmail.com,08133072728,2023-11-05,INACTIVE
1276,ani tanjung,anitanjung37@yahoo.com,08122915369,2024-06-11,inactive
1277,HENDRA PASARIBU,hendrapasaribu24@gmail.com,08577089179,2022-07-13,INACTIVE
1278,Dewi hasibuan,dewihasibuan58@yahoo.com,08129788196,23-11-24,aktive
1280,Hadi Simanjuntak,hadisimanjuntak2@yahoo.com,08963682671,21-12-20,active
1281,Hendra Nugroho,hendranugroho18@yahoo.com,08567385526,2023-04-29,aktive
1282,tONO Utami,tonoutami50@gmail.com,08113866974,2024-06-25,inactive
1283,Mega ginting,megaginting65@hotmail.com,08523518087,10/02/2021,inactive
1284,bambang sembiring,bambangsembiring64@hotmail.com,08133426109,2022-04-28,active
1285,putri Purnama,putripurnama88@yahoo.com,08131860847,2021-01-07,INACTIVE
1286,nUR Wahyuni,nurwahyuni54@yahoo.com,08566168426,2024-11-29,banned
1287,yANTI tarigan,yantitarigan57@hotmail.com,08218486970,18-04-25,banned
1288,Yanti Lestari,yantilestari22@yahoo.com,08214031576,04/04/2021,active 
1290,Ika pasaribu,ikapasaribu98@gmail.com,08191059272,05-03-25,inactive
1291,Ratna Santoso,ratnasantoso38@gmail.com,08965246497,18-08-23,INACTIVE
1292,EKO PRATAMA,ekopratama36@gmail.com,08118694746,07/07/2023,INACTIVE
1293,wulan Siregar,wulansiregar69@gmail.com,08579365828,31/01/2025,aktive
1294,Mega pasaribu,megapasaribu22@yahoo.com,08781096478,2025-06-18,active
1295,Muhammad Siregar,muhammadsiregar73@yahoo.com,08969278999,2021-02-10,active
1296,bUDI Pratama,budipratama99@hotmail.com,08194638539,07/12/2023,active
1298,Nur Sitorus,nursitorus15@hotmail.com,08577881198,2023-06-19,INACTIVE
1299,rATNA Harahap,ratnaharahap15@hotmail.com,08572332193,2023-05-14,active
1300,aRIF Simanjuntak,arifsimanjuntak70@yahoo.com,08961110277,01/11/2020,active
1301,mUHAMMAD Purnama,muhammadpurnama70@yahoo.com,08195665960,2025-05-16,banned
1302,bambang putra,bambangputra98@gmail.com,08964483580,14-12-20,banned
1303,eko saputra,ekosaputra57@hotmail.com,08114101100,28/08/2020,INACTIVE
1304,Ratna sinaga,ratnasinaga28@hotmail.com,08131923819,11-01-24,active
1305,Eko Lestari,ekolestari14@yahoo.com,08521616077,2022-06-10,active
1306,bambang hasibuan,bambanghasibuan84@hotmail.com,08131544120,21-08-24,aktive
1307,putri Harahap,putriharahap39@gmail.com,08966007018,09/10/2022,active
1308,RINI GINTING,riniginting58@gmail.com,08522471406,04-04-21,inactive
1309,MEGA SETIAWAN,megasetiawan45@yahoo.com,08112826831,20/02/2021,active
1310,Budi pasaribu,budipasaribu57@gmail.com,08563990511,2025-04-21,aktive
1311,bambang Wijaya,bambangwijaya31@gmail.com,08135771113,12-08-21,inactive
1312,Ratna Gunawan,ratnagunawan95@gmail.com,08963976601,2022-10-09,inactive
1313,Andi tanjung,anditanjung89@hotmail.com,08577042962,2020-09-23,INACTIVE
1314,Yanti Sari,yantisari91@yahoo.com,08112562399,19/10/2024,inactive
1315,Tono Gunawan,tonogunawan81@hotmail.com,08216416051,13/05/2023,active 
1316,HENDRA SAPUTRA,hendrasaputra22@yahoo.com,08527357547,2024-08-14,inactive
1317,Siti Utami,sitiutami18@hotmail.com,08128169304,28-01-24,banned
1319,rudi siregar,rudisiregar73@gmail.com,08218898995,2021-01-04,banned
1320,ahmad lubis,ahmadlubis69@yahoo.com,08133047210,10/06/2024,active
1321,Andi purba,andipurba77@yahoo.com,08216523202,2020-02-28,inactive
1322,sri Pratama,sripratama22@hotmail.com,08787941705,2025-06-22,active
1323,Rini Simanjuntak,rinisimanjuntak91@yahoo.com,08784520621,27-04-21,banned
1325,Mega sinaga,megasinaga35@hotmail.com,08129874251,27-01-22,inactive
1326,Hendra manurung,hendramanurung87@hotmail.com,08129114518,02-11-23,active
1327,Dedi Sitorus,dedisitorus18@gmail.com,08965818203,27/07/2022,active 
1328,sri Sitorus,srisitorus8@yahoo.com,08566309796,2020-01-22,aktive
1330,putri Lestari,putrilestari90@gmail.com,08966936673,18-06-25,active 
1331,bambang lubis,bambanglubis32@gmail.com,08139328158,25-03-22,inactive
1332,Mega Kusuma,megakusuma92@gmail.com,08789350710,10-03-21,inactive
1333,Dewi Santoso,dewisantoso32@yahoo.com,08574018342,24-02-22,active
1334,Muhammad Nasution,muhammadnasution51@hotmail.com,08964904421,16-05-22,INACTIVE
1335,sITI Putra,sitiputra19@yahoo.com,08214247321,2023-05-08,active
1336,sri pasaribu,sripasaribu81@hotmail.com,08112983186,29/05/2020,banned
1337,JOKO LUBIS,jokolubis81@yahoo.com,08118799486,14/02/2023,INACTIVE
1338,bambang purba,bambangpurba49@yahoo.com,08124478434,2020-04-16,active
1339,Tono lubis,tonolubis10@yahoo.com,08967956372,21/03/2025,active
1340,eko nugroho,ekonugroho99@hotmail.com,08561763232,2022-08-22,banned
1341,mega tanjung,megatanjung52@gmail.com,08526866154,26-05-23,inactive
1342,bambang ginting,bambangginting96@hotmail.com,08784562439,03-06-25,banned
1343,Siti Kusuma,sitikusuma89@yahoo.com,08114375360,24-12-23,active
1344,Ika hasibuan,ikahasibuan59@yahoo.com,08215268417,16/07/2024,inactive
1345,Hadi Gunawan,hadigunawan42@yahoo.com,08126163566,2020-01-11,inactive
1346,hENDRA pasaribu,hendrapasaribu1@hotmail.com,08219500841,30-10-22,active
1347,Rudi Utami,rudiutami12@hotmail.com,08786434540,2022-02-19,aktive
1348,yanti purnama,yantipurnama59@hotmail.com,08112909863,19-03-22,banned
1349,Siti sembiring,sitisembiring86@hotmail.com,08526727097,29/01/2022,aktive
1353,Budi sinaga,budisinaga28@yahoo.com,08578960796,13-12-20,banned
1354,bambang sitorus,bambangsitorus35@yahoo.com,08113277572,2022-10-06,active 
1355,putri Kusuma,putrikusuma37@yahoo.com,08573606949,2024-12-02,aktive
1356,Ahmad Purnama,ahmadpurnama71@yahoo.com,08576622207,27/09/2020,inactive
1357,Dewi Sitorus,dewisitorus17@hotmail.com,08577944979,11-10-21,active 
1358,Sari Siregar,sarisiregar63@hotmail.com,08119742158,2022-12-22,aktive
1359,Yanti Setiawan,yantisetiawan88@yahoo.com,08216293259,2020-10-17,active
1361,Dewi Saputra,dewisaputra81@gmail.com,08114494064,31/03/2020,inactive
1365,bambang saputra,bambangsaputra55@gmail.com,08116690033,2021-08-02,INACTIVE
1366,putri Wahyuni,putriwahyuni89@gmail.com,08569963616,2023-06-09,inactive
1367,Sari Santoso,sarisantoso84@gmail.com,08137535837,2022-11-24,inactive
1368,Ratna Purnama,ratnapurnama21@yahoo.com,08132960327,11/06/2022,inactive
1369,Eko Harahap,ekoharahap12@yahoo.com,08216276424,08-10-21,active
1370,putri Siregar,putrisiregar47@hotmail.com,08115554970,03/10/2022,inactive
1371,PUTRI WIJAYA,putriwijaya11@yahoo.com,08562456225,12-02-23,active 
1372,Ratna Hidayat,ratnahidayat86@yahoo.com,08574986975,2023-07-27,inactive
1373,Hendra sembiring,hendrasembiring22@hotmail.com,08528581730,18/04/2020,INACTIVE
1375,IKA PURBA,ikapurba40@hotmail.com,08786072059,15/04/2021,active
1376,Dewi Gunawan,dewigunawan90@hotmail.com,08132882928,2020-03-14,banned
1377,ratna nugroho,ratnanugroho55@gmail.com,08521627384,16/06/2021,active
1378,sari manurung,sarimanurung12@hotmail.com,08192553639,2023-12-16,aktive
1379,Rini tanjung,rinitanjung13@hotmail.com,08579489182,12/06/2022,banned
1380,Yanti manurung,yantimanurung28@gmail.com,08119097744,2025-01-07,active
1381,dONI pasaribu,donipasaribu10@yahoo.com,08783584996,2020-03-24,inactive
1382,Sari Siregar,sarisiregar76@gmail.com,08196706197,31-12-21,active
1383,Mega Purnama,megapurnama67@gmail.com,08579785019,2023-02-22,banned
1384,Rudi Lestari,rudilestari57@hotmail.com,08216491819,2022-07-26,inactive
1385,doni hasibuan,donihasibuan2@gmail.com,08132648387,18-08-20,active
1386,dEDI Pratama,dedipratama44@hotmail.com,08783226624,10/11/2024,active
1387,Reza tarigan,rezatarigan55@gmail.com,08191613249,2020-09-10,aktive
1388,Hadi purba,hadipurba17@hotmail.com,08577502651,10/07/2020,banned
1389,sARI Santoso,sarisantoso10@yahoo.com,08782943405,2024-11-13,active 
1390,sri ginting,sriginting50@gmail.com,08116217400,04/01/2021,active 
1392,Hendra Simanjuntak,hendrasimanjuntak14@gmail.com,08528832877,2024-08-11,aktive
1393,Agus Simanjuntak,agussimanjuntak48@yahoo.com,08112729778,27-02-23,inactive
1394,Rudi Purnama,rudipurnama18@yahoo.com,08786242557,14/04/2023,active
1395,Dedi Lestari,dedilestari97@yahoo.com,08116236888,10/04/2023,inactive
1396,Mega Sitorus,megasitorus83@gmail.com,08196383479,13-12-22,INACTIVE
1397,Dedi sinaga,dedisinaga19@hotmail.com,08194230379,2021-01-04,inactive
1398,Agus hasibuan,agushasibuan68@gmail.com,08215641409,28/02/2025,inactive
1399,Hadi purba,hadipurba2@hotmail.com,08786354444,2021-05-19,INACTIVE
1400,Nur purba,nurpurba84@hotmail.com,08572973853,18/10/2023,active
1401,Andi Siregar,andisiregar57@gmail.com,08213505186,2024-12-22,inactive
1402,Andi Harahap,andiharahap93@yahoo.com,08135590865,2020-02-23,banned
1403,agus tarigan,agustarigan81@gmail.com,08121255965,27-10-23,active 
1404,dedi purnama,dedipurnama20@hotmail.com,08969624506,2020-09-06,aktive
1405,hadi purnama,hadipurnama79@yahoo.com,08124465793,04-02-22,active
1406,Andi Nugroho,andinugroho57@hotmail.com,08786877363,17/03/2025,inactive
1407,Andi Pratama,andipratama12@gmail.com,08786343290,2024-09-10,active
1409,rudi tanjung,ruditanjung76@gmail.com,08215107483,2020-06-15,inactive
1410,Agus tarigan,agustarigan50@hotmail.com,08132195257,28-08-24,active
1411,Ratna Wahyuni,ratnawahyuni55@yahoo.com,08216683095,2023-09-12,INACTIVE
1412,Ahmad pasaribu,ahmadpasaribu18@yahoo.com,08788443172,18-07-22,active
1413,Yanti tarigan,yantitarigan36@gmail.com,08113182279,2025-05-10,aktive
1415,nUR manurung,nurmanurung71@gmail.com,08112777158,2020-01-12,active
1416,mega hasibuan,megahasibuan77@hotmail.com,08561902612,09/06/2025,active
1417,Rini sinaga,rinisinaga78@hotmail.com,08128154907,05-09-23,active 
1418,Dedi Sari,dedisari89@yahoo.com,08564002836,2025-05-01,inactive
1419,Muhammad Gunawan,muhammadgunawan85@gmail.com,08968479891,27-10-21,banned
1420,Siti Saputra,sitisaputra27@yahoo.com,08966966385,12-02-24,INACTIVE
1421,sri Setiawan,srisetiawan78@hotmail.com,08216575607,21/09/2020,inactive
1423,Tono lubis,tonolubis51@hotmail.com,08128813071,29-06-24,inactive
1424,dewi kusuma,dewikusuma83@yahoo.com,08963211157,2021-08-02,inactive
1425,Dedi Wahyuni,dediwahyuni31@gmail.com,08128856366,22/06/2024,inactive
1426,Mega Siregar,megasiregar50@yahoo.com,08128643434,03/03/2024,aktive
1427,Andi Putra,andiputra31@gmail.com,08218808058,25-01-23,inactive
1428,bAMBANG Purnama,bambangpurnama82@yahoo.com,08574887183,20/02/2022,banned
1429,Budi sembiring,budisembiring10@hotmail.com,08193411249,2022-03-27,inactive
1430,Maya Gunawan,mayagunawan2@hotmail.com,08965329406,30/12/2020,active 
1431,Dewi Pratama,dewipratama41@yahoo.com,08527577959,2025-05-30,banned
1433,wULAN pasaribu,wulanpasaribu54@hotmail.com,08528604827,11/10/2024,active
1434,DEDI GUNAWAN,dedigunawan70@yahoo.com,08571507747,2020-11-29,inactive
1435,Rudi tarigan,ruditarigan23@hotmail.com,08128974787,2024-05-15,banned
1436,Mega Wahyuni,megawahyuni99@yahoo.com,08126896198,06-08-21,active 
1437,Tono Gunawan,tonogunawan3@gmail.com,08578738351,21-03-24,inactive
1438,sri Santoso,srisantoso9@hotmail.com,08135735492,11/11/2020,active
1439,nUR Wahyuni,nurwahyuni34@gmail.com,08523137316,2021-09-03,banned
1440,Tono tarigan,tonotarigan6@gmail.com,08782726915,2024-06-28,inactive
1441,Arif Wijaya,arifwijaya51@gmail.com,08562794848,2024-02-16,active
1442,Arif Siregar,arifsiregar37@hotmail.com,08522189907,24-01-25,active 
1443,Maya Gunawan,mayagunawan92@hotmail.com,08219937987,20/05/2023,banned
1444,Mega Nasution,meganasution99@hotmail.com,08577724584,05-01-22,inactive
1445,MEGA TANJUNG,megatanjung55@yahoo.com,08967936404,2020-07-15,INACTIVE
1446,bambang lubis,bambanglubis52@hotmail.com,08195088457,15/11/2022,banned
1447,putri lubis,putrilubis82@gmail.com,08783667917,2022-09-29,aktive
1448,andi tanjung,anditanjung69@hotmail.com,08577439371,2024-12-18,active
1449,ahmad tanjung,ahmadtanjung20@hotmail.com,08126716235,2022-09-02,aktive
1450,reza purnama,rezapurnama11@yahoo.com,08198233471,27-02-23,inactive
1451,ani hasibuan,anihasibuan11@yahoo.com,08566741177,16/05/2022,active
1452,hADI Gunawan,hadigunawan27@hotmail.com,08784962012,2024-03-29,inactive
1453,WULAN KUSUMA,wulankusuma69@gmail.com,08132306851,2024-07-18,active
1454,Reza Simanjuntak,rezasimanjuntak51@yahoo.com,08969164301,11/06/2023,active 
1455,ani Harahap,aniharahap82@hotmail.com,08128766314,08-06-22,inactive
1456,BAMBANG GINTING,bambangginting88@hotmail.com,08522638360,22/05/2022,active
1457,Hadi ginting,hadiginting9@hotmail.com,08573955709,23-03-20,active
1458,Reza Gunawan,rezagunawan90@yahoo.com,08217808088,2021-11-30,active
1459,agus purba,aguspurba94@yahoo.com,08122824432,17/10/2023,active
1460,Joko Hidayat,jokohidayat8@gmail.com,08967357071,19-08-23,aktive
1462,Nur Wahyuni,nurwahyuni15@yahoo.com,08112518891,2025-03-21,INACTIVE
1463,Reza Simanjuntak,rezasimanjuntak79@yahoo.com,08193330636,15-12-22,aktive
1464,reza wahyuni,rezawahyuni8@hotmail.com,08961003092,18-08-23,aktive
1465,Ratna Sari,ratnasari86@yahoo.com,08133503436,2020-06-20,inactive
1466,Nur hasibuan,nurhasibuan85@hotmail.com,08579912993,2022-08-16,active
1467,Tono Wahyuni,tonowahyuni23@hotmail.com,08217542823,2020-06-11,active
1468,ani Sari,anisari2@gmail.com,08968502096,07/09/2021,active
1469,Yanti Santoso,yantisantoso18@hotmail.com,08194450430,18-09-20,active
1470,Ratna Saputra,ratnasaputra2@hotmail.com,08526028724,2025-01-23,INACTIVE
1471,mega tanjung,megatanjung64@gmail.com,08966109503,19/09/2024,aktive
1472,Sari Purnama,saripurnama67@yahoo.com,08566775801,2022-12-07,inactive
1473,sri tanjung,sritanjung93@hotmail.com,08121136218,28-08-21,aktive
1474,Andi Wijaya,andiwijaya22@yahoo.com,08969563491,07-04-20,inactive
1475,sri siregar,srisiregar17@yahoo.com,08563140029,05/06/2020,banned
1476,Mega sembiring,megasembiring35@hotmail.com,08212047075,17/11/2022,banned
1477,Rudi Purnama,rudipurnama16@hotmail.com,08521891328,2022-11-11,active
1478,Arif pasaribu,arifpasaribu43@gmail.com,08117027124,25/04/2022,active
1479,wulan Sitorus,wulansitorus35@yahoo.com,08125734685,09-08-22,inactive
1480,Andi sembiring,andisembiring9@hotmail.com,08114946691,15-01-24,INACTIVE
1481,Rini ginting,riniginting92@yahoo.com,08567614724,2024-07-22,INACTIVE
1482,wulan utami,wulanutami81@hotmail.com,08527422144,2021-12-28,aktive
1483,ani Lestari,anilestari64@gmail.com,08567401599,14/04/2023,aktive
1484,Mega tarigan,megatarigan66@yahoo.com,08564543617,23-04-24,active
1485,Nur Setiawan,nursetiawan8@yahoo.com,08138967020,03/02/2020,active
1486,ahmad setiawan,ahmadsetiawan73@yahoo.com,08134157922,25-02-24,inactive
1487,bambang Lestari,bambanglestari48@gmail.com,08787452434,05/08/2022,aktive
1488,Dedi ginting,dediginting33@gmail.com,08528000050,29/05/2024,aktive
1489,Nur Lestari,nurlestari74@gmail.com,08135839738,2024-09-22,inactive
1490,ika santoso,ikasantoso93@hotmail.com,08133252801,02/04/2020,INACTIVE
1492,REZA SITORUS,rezasitorus66@hotmail.com,08113415850,2021-09-01,banned
1493,Sari sinaga,sarisinaga6@gmail.com,08578327199,17-04-23,active
1494,Tono Lestari,tonolestari32@gmail.com,08132420416,20-07-22,active
1495,Mega Saputra,megasaputra61@gmail.com,08137976896,10-07-22,INACTIVE
1496,Reza sembiring,rezasembiring50@yahoo.com,08578142130,2024-07-12,active
1497,bambang tarigan,bambangtarigan23@gmail.com,08964016499,30/11/2021,active
1498,aNDI Simanjuntak,andisimanjuntak71@gmail.com,08579546564,08/03/2021,aktive
1500,budi hidayat,budihidayat54@hotmail.com,08566961066,2023-05-22,aktive
1501,REZA PURBA,rezapurba42@gmail.com,08194117056,20-11-24,inactive
1502,AGUS SANTOSO,agussantoso54@gmail.com,08561124654,2020-08-05,active 
1503,Siti Hidayat,sitihidayat41@hotmail.com,08969357686,30/12/2022,INACTIVE
1504,doni Sari,donisari10@yahoo.com,08199417612,2020-01-12,active
1505,Yanti Purnama,yantipurnama48@hotmail.com,08217892714,26/08/2020,inactive
1506,doni sitorus,donisitorus65@gmail.com,08787156735,17-12-20,aktive
1507,doni Putra,doniputra7@hotmail.com,08111635269,2022-09-04,active
1508,Siti hasibuan,sitihasibuan29@gmail.com,08969107893,2023-11-17,active 
1509,Dedi lubis,dedilubis6@hotmail.com,08522898583,14-11-24,inactive
1510,Hendra tanjung,hendratanjung9@yahoo.com,08969078781,31-05-25,inactive
1511,Siti Siregar,sitisiregar37@yahoo.com,08123383832,17-05-23,banned
1512,wulan lubis,wulanlubis42@yahoo.com,08785687895,2022-09-23,active 
1513,Muhammad manurung,muhammadmanurung71@gmail.com,08579672974,20-06-23,inactive
1514,mAYA Pratama,mayapratama2@yahoo.com,08129780469,08-01-22,INACTIVE
1515,andi pratama,andipratama26@yahoo.com,08962483883,11-10-23,active
1516,Ika tanjung,ikatanjung73@yahoo.com,08198926422,2023-10-14,banned
1517,Muhammad Saputra,muhammadsaputra95@yahoo.com,08126242875,2024-07-05,INACTIVE
1518,iKA Harahap,ikaharahap32@hotmail.com,08961885405,28/06/2020,banned
1519,doni Nasution,doninasution48@yahoo.com,08529976368,03/10/2020,INACTIVE
1520,reza pasaribu,rezapasaribu64@hotmail.com,08118866313,25/01/2021,inactive
1521,Ahmad tanjung,ahmadtanjung94@gmail.com,08579601059,29/07/2024,inactive
1522,Ratna hasibuan,ratnahasibuan98@hotmail.com,08576561881,26/11/2023,INACTIVE
1523,wulan Purnama,wulanpurnama20@gmail.com,08566920923,25/10/2024,active
1524,wulan Saputra,wulansaputra53@gmail.com,08215852112,2021-03-04,inactive
1525,Rudi Nugroho,rudinugroho30@gmail.com,08131592675,21/08/2023,active
1526,aGUS Nugroho,agusnugroho45@hotmail.com,08966101462,23/08/2023,aktive
1527,bambang Setiawan,bambangsetiawan89@hotmail.com,08965369510,11-06-22,active
1528,Nur manurung,nurmanurung43@gmail.com,08118938316,23-10-24,aktive
1529,joko ginting,jokoginting98@gmail.com,08963836678,25/01/2021,active
1530,wulan Sari,wulansari49@hotmail.com,08961866037,2021-09-08,inactive
1531,ani purba,anipurba94@hotmail.com,08211457985,2020-10-30,active 
1532,Siti Sitorus,sitisitorus14@yahoo.com,08219132926,14/05/2022,aktive
1533,Ratna Saputra,ratnasaputra68@gmail.com,08123127708,26/08/2020,active
1534,wulan Setiawan,wulansetiawan54@gmail.com,08782289534,22/01/2025,aktive
1535,putri Nugroho,putrinugroho8@yahoo.com,08215228713,22-02-24,inactive
1536,Arif Wijaya,arifwijaya92@gmail.com,08135713926,2022-06-30,active
1537,Ika Gunawan,ikagunawan12@yahoo.com,08215311001,23/08/2022,banned
1538,TONO HARAHAP,tonoharahap30@gmail.com,08112871488,2024-10-26,INACTIVE
1540,Rini Setiawan,rinisetiawan48@hotmail.com,08963535634,2021-02-16,active 
1541,ani Sari,anisari96@yahoo.com,08577203657,2023-03-12,aktive
1542,Tono Putra,tonoputra75@gmail.com,08135383091,2020-04-14,banned
1543,Dedi Simanjuntak,dedisimanjuntak65@gmail.com,08199135582,17/01/2020,active
1544,Sari Nasution,sarinasution82@gmail.com,08139848116,15-07-23,aktive
1545,ahmad simanjuntak,ahmadsimanjuntak10@yahoo.com,08116752034,2022-06-03,active
1546,Hadi lubis,hadilubis73@hotmail.com,08123433874,2024-10-03,aktive
1547,BAMBANG SANTOSO,bambangsantoso56@gmail.com,08963586212,18-02-24,inactive
1548,mUHAMMAD sinaga,muhammadsinaga17@hotmail.com,08577928115,05-05-23,INACTIVE
1549,agus setiawan,agussetiawan38@gmail.com,08564992095,2023-02-09,banned
1550,Dedi Hidayat,dedihidayat41@yahoo.com,08573806547,2020-03-16,active 
1551,rudi pratama,rudipratama90@yahoo.com,08196789409,2022-03-29,INACTIVE
1552,ahmad santoso,ahmadsantoso42@hotmail.com,08115435820,17-11-22,active
1553,doni Lestari,donilestari58@yahoo.com,08121881193,24-01-24,active
1554,HENDRA SAPUTRA,hendrasaputra30@yahoo.com,08138784878,30-03-25,active 
1555,sRI hasibuan,srihasibuan26@gmail.com,08568989846,2025-01-27,active
1556,tono nasution,tononasution99@gmail.com,08218990421,19-04-21,aktive
1557,SITI HIDAYAT,sitihidayat14@hotmail.com,08784920186,04-05-20,INACTIVE
1558,Ika Wijaya,ikawijaya14@gmail.com,08567544296,2020-02-08,INACTIVE
1559,bambang Purnama,bambangpurnama58@gmail.com,08575406118,2023-03-26,aktive
1560,Yanti Nasution,yantinasution41@yahoo.com,08139899342,07/02/2023,aktive
1561,bambang Lestari,bambanglestari16@yahoo.com,08561199028,02-07-21,active
1562,Rini Setiawan,rinisetiawan46@hotmail.com,08218529960,2022-05-04,aktive
1563,sri lubis,srilubis58@gmail.com,08566296376,2020-08-27,aktive
1564,Yanti Harahap,yantiharahap60@yahoo.com,08781688161,29-06-23,active
1565,Siti Putra,sitiputra16@yahoo.com,08129913623,2021-12-11,INACTIVE
1566,ika wijaya,ikawijaya21@gmail.com,08528244164,2023-11-29,banned
1567,sri Lestari,srilestari39@hotmail.com,08965573311,12/02/2020,inactive
1568,pUTRI Utami,putriutami90@hotmail.com,08525535319,12-08-21,active
1569,Rini Santoso,rinisantoso6@hotmail.com,08212648810,2021-01-28,inactive
1570,wulan kusuma,wulankusuma42@gmail.com,08217562471,2021-12-05,inactive
1572,Ratna ginting,ratnaginting32@hotmail.com,08964270310,25-03-21,aktive
1573,ani Pratama,anipratama51@yahoo.com,08786660743,04-02-25,active
1574,Arif Wijaya,arifwijaya7@hotmail.com,08136255795,25-11-21,banned
1575,hendra manurung,hendramanurung39@hotmail.com,08781177469,13-10-24,aktive
1576,Agus Sitorus,agussitorus23@yahoo.com,08112140044,2023-09-07,banned
1577,Rudi pasaribu,rudipasaribu52@gmail.com,08117899609,2020-09-25,inactive
1578,sri Sari,srisari72@yahoo.com,08129812472,20-01-24,banned
1579,Agus Kusuma,aguskusuma71@hotmail.com,08128481668,2022-03-10,aktive
1580,Ika Purnama,ikapurnama13@gmail.com,08524681195,02-09-24,aktive
1581,hadi setiawan,hadisetiawan14@yahoo.com,08215226115,29-08-23,inactive
1583,Tono Wahyuni,tonowahyuni8@gmail.com,08112542518,25/06/2024,inactive
1584,rUDI tarigan,ruditarigan17@gmail.com,08114637715,27/06/2023,active 
1585,aGUS Putra,agusputra52@gmail.com,08963043299,01-08-21,banned
1586,Dewi Pratama,dewipratama88@yahoo.com,08122449322,14/03/2024,aktive
1587,Rini Harahap,riniharahap83@hotmail.com,08963179482,2023-09-28,aktive
1588,mAYA sinaga,mayasinaga75@gmail.com,08564099902,21/09/2020,active
1589,Arif ginting,arifginting34@hotmail.com,08124091420,12/02/2021,banned
1590,andi putra,andiputra3@gmail.com,08215942041,2023-05-25,aktive
1591,BAMBANG LESTARI,bambanglestari26@gmail.com,08572270273,2020-07-25,active 
1592,Andi sinaga,andisinaga57@hotmail.com,08575636946,2025-04-15,active 
1593,Joko Kusuma,jokokusuma12@gmail.com,08566425820,13/09/2021,inactive
1595,Tono sinaga,tonosinaga60@gmail.com,08125652111,06/04/2020,active 
1596,Nur manurung,nurmanurung22@gmail.com,08117422301,2022-01-04,inactive
1597,Ahmad tanjung,ahmadtanjung56@hotmail.com,08566581020,01-01-22,inactive
1598,Agus tarigan,agustarigan51@hotmail.com,08115332524,20/11/2020,INACTIVE
1599,Agus Hidayat,agushidayat4@yahoo.com,08213985161,22-08-24,active
1600,Yanti Purnama,yantipurnama88@yahoo.com,08572164313,06/03/2020,active
1601,Reza Utami,rezautami23@yahoo.com,08574366669,2021-11-22,banned
1602,ani harahap,aniharahap28@yahoo.com,08967587312,21-08-20,inactive
1603,hendra purnama,hendrapurnama36@gmail.com,08139255351,09/04/2021,inactive
1604,aNI ginting,aniginting58@yahoo.com,08123413781,24/02/2023,active
1605,Ahmad tarigan,ahmadtarigan5@gmail.com,08788235234,2022-09-23,active
1606,Joko Nasution,jokonasution80@hotmail.com,08192782574,2021-11-27,banned
1607,Rudi Purnama,rudipurnama32@hotmail.com,08575345236,24/04/2024,inactive
1608,Reza hasibuan,rezahasibuan38@hotmail.com,08121584868,26-04-24,active
1609,Hendra manurung,hendramanurung53@yahoo.com,08122181322,01/07/2021,active
1610,aHMAD Lestari,ahmadlestari62@hotmail.com,08965204309,13-10-24,active
1611,YANTI HARAHAP,yantiharahap12@gmail.com,08571314820,24-11-24,inactive
1613,mAYA ginting,mayaginting54@gmail.com,08111634776,01-08-20,banned
1614,Muhammad Pratama,muhammadpratama83@gmail.com,08565470062,2020-04-13,banned
1616,Hendra Purnama,hendrapurnama70@hotmail.com,08561062138,25/05/2025,active
1617,Ika Kusuma,ikakusuma49@gmail.com,08789232235,19/06/2025,inactive
1618,Hadi Gunawan,hadigunawan46@hotmail.com,08578315833,19-05-24,active 
1619,putri Saputra,putrisaputra70@yahoo.com,08562176077,02/06/2023,inactive
1620,Siti purba,sitipurba45@yahoo.com,08784789081,13-08-24,active 
1621,aGUS Pratama,aguspratama65@hotmail.com,08117449562,26-03-20,active
1622,Ratna lubis,ratnalubis50@yahoo.com,08573033459,03/08/2020,inactive
1623,bambang hasibuan,bambanghasibuan24@yahoo.com,08969980912,14/07/2023,inactive
1624,Hadi Nasution,hadinasution41@gmail.com,08526594190,18/11/2024,INACTIVE
1625,Agus Pratama,aguspratama29@hotmail.com,08217721201,2025-02-08,banned
1626,aNDI manurung,andimanurung36@gmail.com,08112521139,17-11-20,inactive
1627,Ahmad pasaribu,ahmadpasaribu61@gmail.com,08529969540,21-08-21,aktive
1628,Andi Nasution,andinasution46@hotmail.com,08522349840,23-06-22,banned
1629,Joko Gunawan,jokogunawan30@hotmail.com,08575864699,17-10-22,aktive
1630,aHMAD purba,ahmadpurba13@gmail.com,08193963163,17/11/2024,active
1631,Andi lubis,andilubis85@gmail.com,08781659867,11-11-20,active
1632,Arif lubis,ariflubis35@gmail.com,08564204501,2022-01-14,INACTIVE
1633,Joko tanjung,jokotanjung95@hotmail.com,08217544871,04/08/2024,inactive
1634,doni setiawan,donisetiawan98@gmail.com,08127027401,08/09/2020,active
1635,sri Kusuma,srikusuma74@gmail.com,08572423756,2022-06-18,active
1636,Agus sinaga,agussinaga46@yahoo.com,08574178686,24/04/2024,active
1637,MEGA HIDAYAT,megahidayat23@gmail.com,08131598917,2021-05-17,INACTIVE
1638,sri tarigan,sritarigan76@gmail.com,08191425547,2021-11-30,active
1639,doni sinaga,donisinaga95@yahoo.com,08965001116,31/10/2022,inactive
1640,Arif sembiring,arifsembiring46@hotmail.com,08577522436,2020-06-23,active 
1641,Nur Saputra,nursaputra4@hotmail.com,08126162867,01-02-22,inactive
1642,Ika Hidayat,ikahidayat90@hotmail.com,08579958027,2024-03-25,active
1643,ANDI KUSUMA,andikusuma73@yahoo.com,08571275453,08-01-22,active
1644,Muhammad sinaga,muhammadsinaga19@hotmail.com,08116692259,23/09/2023,inactive
1645,Maya Kusuma,mayakusuma25@hotmail.com,08116665977,06-11-20,active
1646,Siti Nugroho,sitinugroho70@yahoo.com,08117803292,13/05/2022,banned
1647,Arif Putra,arifputra23@yahoo.com,08124551370,2020-10-09,aktive
1648,Ika Gunawan,ikagunawan5@yahoo.com,08788690178,2022-04-26,active
1649,REZA PURNAMA,rezapurnama8@gmail.com,08783499027,2025-01-13,active 
1650,Mega Gunawan,megagunawan78@gmail.com,08964908850,03-05-25,INACTIVE
1651,Reza Siregar,rezasiregar3@gmail.com,08121618704,15-06-24,inactive
1653,Tono Purnama,tonopurnama43@gmail.com,08118905753,25/06/2022,active
1654,sri sinaga,srisinaga26@hotmail.com,08961768424,26/04/2024,active
1655,doni Nugroho,doninugroho44@gmail.com,08193190059,09-01-24,active
1656,Sari Lestari,sarilestari23@hotmail.com,08113889858,16/04/2025,aktive
1657,aNDI tarigan,anditarigan8@yahoo.com,08116156264,2020-06-22,aktive
1658,Ahmad Siregar,ahmadsiregar19@gmail.com,08128653507,2021-10-06,inactive
1659,ratna manurung,ratnamanurung91@hotmail.com,08963863692,30/04/2024,active
1660,Dedi Harahap,dediharahap15@gmail.com,08962073030,07/06/2022,INACTIVE
1661,sri Pratama,sripratama47@hotmail.com,08122915617,16/03/2022,active
1662,bambang Purnama,bambangpurnama48@gmail.com,08574700592,14-09-23,banned
1663,Andi ginting,andiginting85@hotmail.com,08124399754,05-11-20,active 
1664,Hadi Putra,hadiputra76@yahoo.com,08566659678,28-04-20,inactive
1665,Maya Setiawan,mayasetiawan44@gmail.com,08566439759,31-12-23,banned
1667,ani Putra,aniputra21@gmail.com,08524577436,2025-06-15,aktive
1668,JOKO SETIAWAN,jokosetiawan56@hotmail.com,08113909968,2022-05-08,banned
1669,agus manurung,agusmanurung63@hotmail.com,08522060687,19-12-24,active
1670,mUHAMMAD tanjung,muhammadtanjung41@hotmail.com,08125595168,06-12-23,inactive
1671,andi hidayat,andihidayat91@gmail.com,08137965133,2024-11-24,inactive
1672,Hadi ginting,hadiginting89@hotmail.com,08137206350,17-01-24,active
1674,Yanti Purnama,yantipurnama86@gmail.com,08575087678,2020-01-17,inactive
1675,maya pratama,mayapratama23@hotmail.com,08961682814,17-01-25,aktive
1676,eko ginting,ekoginting40@yahoo.com,08132677182,04/06/2023,active
1677,Arif Nasution,arifnasution89@hotmail.com,08967310431,2023-12-05,banned
1678,rINI sinaga,rinisinaga17@yahoo.com,08131262233,02-07-22,active
1679,sri sari,srisari94@gmail.com,08572354300,24-02-21,active 
1680,wulan tanjung,wulantanjung90@gmail.com,08111121198,02-07-23,active 
1681,hendra pratama,hendrapratama51@hotmail.com,08132495541,2023-08-28,active
1682,Maya Siregar,mayasiregar5@hotmail.com,08965760225,2023-11-29,active 
1683,Budi tanjung,buditanjung78@gmail.com,08568986164,22-12-24,active
1684,mega pasaribu,megapasaribu79@yahoo.com,08134458794,08/04/2022,inactive
1685,wulan Santoso,wulansantoso82@gmail.com,08135545782,2024-12-09,inactive
1686,Mega Sitorus,megasitorus14@hotmail.com,08788556779,21/06/2020,INACTIVE
1688,ani Pratama,anipratama96@yahoo.com,08131631179,09-03-22,active 
1689,Ratna Harahap,ratnaharahap31@gmail.com,08964019906,12-01-24,aktive
1690,doni simanjuntak,donisimanjuntak41@yahoo.com,08572476750,06/12/2024,active
1691,dedi siregar,dedisiregar82@gmail.com,08216836014,01-12-22,active 
1692,rUDI Setiawan,rudisetiawan91@gmail.com,08561076672,04/08/2021,active
1693,Budi Setiawan,budisetiawan82@hotmail.com,08784953366,09-07-20,banned
1694,ani Putra,aniputra43@hotmail.com,08192971454,2023-02-04,inactive
1695,Ahmad Sari,ahmadsari2@yahoo.com,08782605308,2022-12-03,active
1696,aRIF sinaga,arifsinaga27@yahoo.com,08967071696,30-03-24,inactive
1697,Siti Setiawan,sitisetiawan89@gmail.com,08789515120,23/11/2020,inactive
1698,SARI TANJUNG,saritanjung45@gmail.com,08198788252,27-02-20,active
1700,Muhammad Siregar,muhammadsiregar1@hotmail.com,08114250065,2021-05-09,active 
1701,reza hidayat,rezahidayat50@gmail.com,08123503452,2024-01-27,active
1702,putri purnama,putripurnama94@yahoo.com,08579346913,31/10/2022,banned
1703,Eko Wijaya,ekowijaya22@yahoo.com,08133680321,08/02/2024,banned
1704,mAYA Wijaya,mayawijaya64@yahoo.com,08111906432,2024-09-19,INACTIVE
1705,sri Harahap,sriharahap45@yahoo.com,08525782589,15-06-21,banned
1706,Sari Simanjuntak,sarisimanjuntak49@hotmail.com,08198292580,2022-11-05,banned
1707,Siti sinaga,sitisinaga62@gmail.com,08216608533,10/09/2020,aktive
1708,sri Setiawan,srisetiawan84@hotmail.com,08968602555,29-03-24,inactive
1709,Siti tarigan,sititarigan29@hotmail.com,08112751895,11/04/2025,banned
1710,bambang Sari,bambangsari58@gmail.com,08113950904,2022-07-08,inactive
1711,wulan sembiring,wulansembiring5@gmail.com,08131487633,18-03-23,inactive
1712,Hendra sembiring,hendrasembiring3@yahoo.com,08579638650,2020-01-11,aktive
1713,Agus Kusuma,aguskusuma34@yahoo.com,08122188825,25/11/2021,banned
1714,Yanti Setiawan,yantisetiawan10@gmail.com,08198462856,07-07-24,aktive
1715,doni Utami,doniutami22@yahoo.com,08966468907,06-04-23,active
1716,arif nugroho,arifnugroho21@yahoo.com,08564334495,03-01-24,banned
1717,IKA GINTING,ikaginting10@hotmail.com,08524859820,24-09-23,aktive
1718,sri saputra,srisaputra12@hotmail.com,08126471590,25-09-24,active 
1720,Hendra Nasution,hendranasution62@hotmail.com,08197922203,2021-09-04,inactive
1721,Dewi pasaribu,dewipasaribu4@hotmail.com,08197300387,27-09-23,inactive
1722,Hendra Wijaya,hendrawijaya84@yahoo.com,08192233623,19-03-23,banned
1723,Hadi Setiawan,hadisetiawan78@gmail.com,08579127012,13-10-20,inactive
1724,wulan Utami,wulanutami21@yahoo.com,08118312602,12-02-22,active 
1725,reza wijaya,rezawijaya13@gmail.com,08134626649,19/02/2024,inactive
1726,Ahmad Wahyuni,ahmadwahyuni27@yahoo.com,08968633480,2020-08-03,active
1727,Reza hasibuan,rezahasibuan53@gmail.com,08137498324,23-11-22,inactive
1728,Budi Hidayat,budihidayat71@hotmail.com,08523288489,2021-01-29,active 
1729,Nur purba,nurpurba94@hotmail.com,08574257379,19/07/2022,inactive
1730,ANDI PRATAMA,andipratama34@hotmail.com,08525524723,27-10-20,INACTIVE
1731,Ahmad Setiawan,ahmadsetiawan37@hotmail.com,08196635321,2022-05-21,active
1732,Tono Wijaya,tonowijaya31@yahoo.com,08131538457,16/06/2020,aktive
1733,Nur Purnama,nurpurnama7@gmail.com,08962000789,2020-05-07,inactive
1734,ani Purnama,anipurnama74@yahoo.com,08213290115,24/12/2024,inactive
1735,Tono Hidayat,tonohidayat63@hotmail.com,08128810369,02/09/2022,inactive
1736,Rudi Saputra,rudisaputra7@gmail.com,08578016631,02/07/2022,active
1737,mega sari,megasari1@yahoo.com,08136764248,26-01-22,active
1738,Dewi Siregar,dewisiregar12@yahoo.com,08195951988,2022-12-13,active 
1739,hadi simanjuntak,hadisimanjuntak85@yahoo.com,08963630468,19-04-23,active
1740,putri Utami,putriutami77@hotmail.com,08963851044,2022-11-28,active
1741,eKO Nasution,ekonasution26@yahoo.com,08964853765,2024-11-20,inactive
1742,HADI SIREGAR,hadisiregar4@gmail.com,08127907115,2023-04-11,aktive
1743,andi tarigan,anditarigan22@gmail.com,08789207638,2023-07-27,active
1744,Dewi sembiring,dewisembiring38@hotmail.com,08198943827,20-06-22,active
1745,Joko purba,jokopurba61@gmail.com,08575683710,2025-03-21,active 
1746,Dedi Saputra,dedisaputra40@gmail.com,08118182500,2024-02-07,inactive
1747,Muhammad Pratama,muhammadpratama61@yahoo.com,08195157921,14/08/2024,inactive
1748,sRI sembiring,srisembiring85@yahoo.com,08528285484,22-10-20,INACTIVE
1749,Dewi pasaribu,dewipasaribu12@yahoo.com,08964731363,2020-09-17,active
1750,MUHAMMAD TANJUNG,muhammadtanjung70@hotmail.com,08963499296,2023-12-27,INACTIVE
1751,ANI HARAHAP,aniharahap24@yahoo.com,08961085187,21-09-20,INACTIVE
1752,eko purba,ekopurba49@yahoo.com,08561741958,17-11-22,INACTIVE
1753,reza siregar,rezasiregar24@yahoo.com,08118896240,29-08-20,INACTIVE
1754,Ratna Sitorus,ratnasitorus6@yahoo.com,08781564059,2021-03-11,aktive
1755,reza simanjuntak,rezasimanjuntak57@yahoo.com,08569910743,27/08/2022,INACTIVE
1756,maya pratama,mayapratama34@yahoo.com,08569040805,08/03/2024,active
1758,doni Nugroho,doninugroho8@hotmail.com,08575035113,26/01/2022,active
1759,sari sitorus,sarisitorus97@gmail.com,08121208423,2023-05-17,INACTIVE
1760,agus tanjung,agustanjung86@hotmail.com,08564657541,13/08/2020,INACTIVE
1761,Hendra lubis,hendralubis11@gmail.com,08137013049,26-01-22,inactive
1762,Andi sembiring,andisembiring45@hotmail.com,08215010801,16/08/2021,active
1763,Ratna tanjung,ratnatanjung53@hotmail.com,08121267263,06/12/2022,inactive
1764,putri Hidayat,putrihidayat30@hotmail.com,08576114309,2020-08-29,active
1765,hadi tarigan,haditarigan8@hotmail.com,08138705487,2021-09-16,banned
1766,RINI HARAHAP,riniharahap67@yahoo.com,08961409590,2021-09-13,active
1767,dEWI Kusuma,dewikusuma69@yahoo.com,08578780612,22/09/2022,inactive
1768,mUHAMMAD Putra,muhammadputra61@hotmail.com,08137800818,08/06/2024,active 
1769,dONI sembiring,donisembiring31@hotmail.com,08137214624,18-10-20,aktive
1770,JOKO UTAMI,jokoutami39@yahoo.com,08571022878,13/05/2022,INACTIVE
1771,ratna utami,ratnautami51@gmail.com,08127457202,2025-04-02,inactive
1772,sri Nasution,srinasution5@hotmail.com,08529907365,2024-12-25,inactive
1773,DONI TANJUNG,donitanjung74@hotmail.com,08115975954,17/03/2021,active
1774,TONO HIDAYAT,tonohidayat74@hotmail.com,08565526314,04-08-24,aktive
1776,Agus ginting,agusginting16@gmail.com,08126632022,07-09-20,INACTIVE
1777,Siti ginting,sitiginting23@yahoo.com,08119635845,15/12/2021,active
1778,Joko Wijaya,jokowijaya28@gmail.com,08521865076,17/11/2024,INACTIVE
1779,pUTRI Sitorus,putrisitorus17@gmail.com,08127424918,2022-05-05,active
1780,Eko sinaga,ekosinaga55@gmail.com,08528807325,2023-03-19,INACTIVE
1781,ika tanjung,ikatanjung88@gmail.com,08961685757,2023-03-04,inactive
1782,Maya tanjung,mayatanjung26@yahoo.com,08527147725,2025-01-17,aktive
1784,Reza purba,rezapurba34@hotmail.com,08784434507,31-08-22,active
1785,sri purnama,sripurnama94@yahoo.com,08136619187,03-09-24,inactive
1786,Siti Kusuma,sitikusuma12@gmail.com,08192905181,28/09/2020,INACTIVE
1787,YANTI PURNAMA,yantipurnama72@yahoo.com,08574519758,30-10-22,active
1788,iKA Hidayat,ikahidayat71@yahoo.com,08196376490,2022-08-01,inactive
1789,Muhammad Saputra,muhammadsaputra36@yahoo.com,08525485520,2023-09-28,inactive
1790,Dedi Setiawan,dedisetiawan59@hotmail.com,08788095573,01-11-20,active
1791,Andi sinaga,andisinaga90@gmail.com,08211913687,28/10/2021,active 
1792,rATNA Sari,ratnasari76@hotmail.com,08127254777,26-06-24,aktive
1793,hENDRA Sari,hendrasari54@hotmail.com,08528590191,22-09-23,banned
1794,mega hidayat,megahidayat54@gmail.com,08579412936,2022-04-18,active
1795,sri Wahyuni,sriwahyuni19@gmail.com,08783058722,2021-04-21,banned
1796,wulan Putra,wulanputra76@hotmail.com,08579923876,25-11-21,inactive
1797,Maya Kusuma,mayakusuma98@hotmail.com,08785903382,03-04-20,inactive
1798,Hadi Sitorus,hadisitorus14@gmail.com,08577176462,2024-12-27,active 
1799,EKO SINAGA,ekosinaga13@hotmail.com,08124160048,2024-02-16,inactive
1800,doni Purnama,donipurnama69@yahoo.com,08572464797,15/08/2023,banned
1801,sri siregar,srisiregar53@yahoo.com,08127554564,08/11/2024,inactive
1802,Rudi Harahap,rudiharahap50@yahoo.com,08135838090,19/12/2023,inactive
1803,Mega Lestari,megalestari63@hotmail.com,08122834838,17-03-23,inactive
1804,sITI Wijaya,sitiwijaya78@hotmail.com,08135629550,18-06-24,aktive
1805,Ika sembiring,ikasembiring5@yahoo.com,08123482256,24-09-21,aktive
1806,nUR Siregar,nursiregar36@gmail.com,08573524938,14/08/2023,aktive
1807,budi tarigan,buditarigan19@yahoo.com,08199735688,11-08-23,banned
1808,aNDI sembiring,andisembiring78@hotmail.com,08115918567,23/06/2020,inactive
1809,ani sinaga,anisinaga89@hotmail.com,08563215051,10-05-25,inactive
1810,siti wahyuni,sitiwahyuni5@yahoo.com,08576816664,14-01-23,active
1811,Ratna Lestari,ratnalestari43@yahoo.com,08568446735,31/03/2024,active
1813,Hendra sinaga,hendrasinaga96@gmail.com,08192056117,04/12/2022,INACTIVE
1814,Sari Nasution,sarinasution35@yahoo.com,08114897818,2024-03-17,active
1815,Rini Hidayat,rinihidayat3@yahoo.com,08786635087,26/10/2022,active 
1816,Rudi Setiawan,rudisetiawan39@yahoo.com,08566751103,03-09-20,aktive
1817,Agus Simanjuntak,agussimanjuntak36@yahoo.com,08529156216,01-04-25,active 
1818,PUTRI HIDAYAT,putrihidayat90@yahoo.com,08969894713,03/01/2021,inactive
1819,doni Wahyuni,doniwahyuni13@hotmail.com,08788470161,17/07/2021,inactive
1820,siti wijaya,sitiwijaya18@gmail.com,08576101655,17-05-21,banned
1821,Agus purba,aguspurba96@yahoo.com,08963213824,14-09-24,inactive
1822,Hendra Hidayat,hendrahidayat42@yahoo.com,08213881270,28/06/2022,inactive
1823,dONI Hidayat,donihidayat94@yahoo.com,08214804769,10-07-24,INACTIVE
1825,Ika hasibuan,ikahasibuan12@hotmail.com,08211793880,02-04-22,inactive
1826,Tono Saputra,tonosaputra57@gmail.com,08136924385,2020-04-02,INACTIVE
1827,doni Simanjuntak,donisimanjuntak53@gmail.com,08218649177,31/10/2024,active
1828,Tono Gunawan,tonogunawan63@hotmail.com,08133697606,2021-11-27,active
1829,bUDI Setiawan,budisetiawan48@hotmail.com,08785785643,2021-01-04,active
1830,Rini Nugroho,rininugroho66@gmail.com,08133942041,19-02-20,aktive
1831,Reza sembiring,rezasembiring9@gmail.com,08133705405,2021-10-11,aktive
1832,muhammad tanjung,muhammadtanjung91@yahoo.com,08192961547,10/06/2021,active 
1834,Reza sinaga,rezasinaga68@gmail.com,08963121873,14/01/2023,active 
1835,mega hasibuan,megahasibuan4@hotmail.com,08575368907,07/08/2021,inactive
1836,Yanti Kusuma,yantikusuma25@gmail.com,08524095339,2021-01-09,inactive
1837,Arif Nasution,arifnasution8@gmail.com,08191581986,22/04/2024,inactive
1838,Rudi Hidayat,rudihidayat5@gmail.com,08526768795,2020-11-11,INACTIVE
1839,Mega Wijaya,megawijaya7@yahoo.com,08137256474,2025-05-04,aktive
1840,MUHAMMAD SARI,muhammadsari91@yahoo.com,08573727935,21/10/2023,inactive
1841,Hendra Saputra,hendrasaputra36@gmail.com,08786059333,30-04-20,INACTIVE
1842,WULAN PASARIBU,wulanpasaribu60@yahoo.com,08121418175,2025-05-22,banned
1843,doni sinaga,donisinaga51@hotmail.com,08569378825,06/01/2021,INACTIVE
1844,Yanti tarigan,yantitarigan16@hotmail.com,08138684648,31/12/2023,active
1845,Arif Wijaya,arifwijaya4@hotmail.com,08523618139,2021-09-02,active
1846,doni Lestari,donilestari48@gmail.com,08119512910,2020-07-21,active 
1847,Nur Siregar,nursiregar77@yahoo.com,08525958621,2020-10-18,active
1848,Agus Kusuma,aguskusuma23@yahoo.com,08575862493,2025-01-02,aktive
1849,Ratna Saputra,ratnasaputra76@yahoo.com,08963467651,2021-06-12,active
1850,Nur sinaga,nursinaga45@hotmail.com,08968417300,12/04/2025,active
1851,Nur tanjung,nurtanjung21@yahoo.com,08522884343,16/04/2020,INACTIVE
1852,bambang Nasution,bambangnasution96@yahoo.com,08571672446,05-05-21,INACTIVE
1853,Mega Utami,megautami12@hotmail.com,08132960855,15/04/2023,banned
1854,Mega Gunawan,megagunawan4@yahoo.com,08211416001,06-10-22,aktive
1855,Muhammad Lestari,muhammadlestari7@yahoo.com,08564697107,20-03-24,inactive
1856,Yanti Saputra,yantisaputra74@gmail.com,08576996068,27/02/2022,active
1857,Ratna manurung,ratnamanurung29@gmail.com,08126475520,05/07/2021,active
1858,aRIF Utami,arifutami29@hotmail.com,08114274069,2021-10-13,inactive
1859,Tono lubis,tonolubis27@hotmail.com,08969832094,2023-02-06,INACTIVE
1860,Maya Wahyuni,mayawahyuni84@yahoo.com,08195662844,2020-05-14,banned
1861,putri purba,putripurba66@yahoo.com,08191378303,2020-02-29,active 
1862,Siti Gunawan,sitigunawan99@gmail.com,08128473546,21/07/2023,aktive
1863,Joko Setiawan,jokosetiawan2@hotmail.com,08129586369,14/02/2025,inactive
1864,Ahmad Utami,ahmadutami17@yahoo.com,08564262330,05-07-21,inactive
1865,Eko Lestari,ekolestari23@hotmail.com,08576331091,27-05-25,banned
1866,bambang manurung,bambangmanurung2@hotmail.com,08969582482,14/10/2023,active 
1867,bambang hidayat,bambanghidayat33@gmail.com,08117057663,19-05-21,banned
1868,ARIF SITORUS,arifsitorus40@hotmail.com,08563482120,27/08/2023,active
1869,Siti lubis,sitilubis91@hotmail.com,08567201361,15-09-21,INACTIVE
1870,MEGA TANJUNG,megatanjung36@hotmail.com,08567255068,2022-04-13,active 
1871,rINI Nugroho,rininugroho49@yahoo.com,08115775640,20-06-20,inactive
1872,Yanti Sari,yantisari59@yahoo.com,08526894759,21/10/2022,active 
1873,Andi Santoso,andisantoso28@yahoo.com,08218475525,22/05/2024,inactive
1874,Hadi Kusuma,hadikusuma39@yahoo.com,08782469661,03-02-22,aktive
1875,Hadi sembiring,hadisembiring67@hotmail.com,08198452780,10/12/2020,inactive
1876,YANTI TANJUNG,yantitanjung51@hotmail.com,08568423991,2023-01-05,active 
1877,sRI Saputra,srisaputra14@hotmail.com,08213747945,22-05-25,active
1878,Siti manurung,sitimanurung66@gmail.com,08567949018,14/07/2022,active
1879,AHMAD SITORUS,ahmadsitorus48@hotmail.com,08132444148,2020-01-03,INACTIVE
1880,Arif hasibuan,arifhasibuan83@hotmail.com,08134486033,22-05-25,banned
1881,Siti manurung,sitimanurung78@hotmail.com,08218962686,15-08-21,aktive
1883,hadi manurung,hadimanurung14@hotmail.com,08127304414,02/01/2020,active
1884,Sari Wahyuni,sariwahyuni9@yahoo.com,08121111046,2025-03-26,banned
1885,Dewi manurung,dewimanurung36@yahoo.com,08565585697,13-07-21,inactive
1886,dEDI manurung,dedimanurung42@hotmail.com,08563934217,28-05-21,active
1887,sITI Santoso,sitisantoso34@yahoo.com,08788753086,2022-02-17,active 
1888,Ika Sari,ikasari92@hotmail.com,08963297254,21-09-24,banned
1889,Agus Gunawan,agusgunawan39@hotmail.com,08194120669,11-03-21,active
1890,Ahmad Simanjuntak,ahmadsimanjuntak20@gmail.com,08565856386,17-09-24,active
1891,Maya Hidayat,mayahidayat98@hotmail.com,08789230660,30/07/2021,INACTIVE
1892,HENDRA UTAMI,hendrautami8@gmail.com,08116066600,26-11-20,active
1893,RINI SAPUTRA,rinisaputra52@hotmail.com,08966098837,29-12-22,inactive
1894,hENDRA tanjung,hendratanjung41@hotmail.com,08578775431,2020-05-23,INACTIVE
1895,Dewi Santoso,dewisantoso18@hotmail.com,08191450300,2020-07-02,active
1897,PUTRI LESTARI,putrilestari64@hotmail.com,08216036006,27/08/2024,inactive
1898,Dedi tanjung,deditanjung34@yahoo.com,08573083343,24-01-24,active 
1899,Sari Nugroho,sarinugroho52@yahoo.com,08217998729,2021-07-26,active 
1900,Joko Wahyuni,jokowahyuni95@yahoo.com,08139252486,07-03-21,aktive
1901,Dewi Hidayat,dewihidayat75@gmail.com,08191477187,2022-10-30,active
1902,hadi putra,hadiputra74@hotmail.com,08125650930,15-12-24,inactive
1903,Rudi Putra,rudiputra44@gmail.com,08572119456,2025-04-20,banned
1904,bAMBANG Saputra,bambangsaputra92@hotmail.com,08967069317,2023-07-24,INACTIVE
1905,arif sitorus,arifsitorus88@gmail.com,08969061215,21-03-24,active
1906,Ahmad Setiawan,ahmadsetiawan82@hotmail.com,08968316015,2022-07-16,active 
1907,siti lubis,sitilubis86@yahoo.com,08218986637,18-05-21,inactive
1908,sri Kusuma,srikusuma65@yahoo.com,08127261294,2021-10-20,banned
1909,doni manurung,donimanurung22@yahoo.com,08781294357,2021-03-07,banned
1910,mUHAMMAD sinaga,muhammadsinaga72@hotmail.com,08213732123,18-05-25,inactive
1911,Rini tanjung,rinitanjung38@gmail.com,08961981641,03/11/2021,inactive
1912,sri Setiawan,srisetiawan61@gmail.com,08136363359,14-02-25,active 
1913,Mega Hidayat,megahidayat95@gmail.com,08573273269,30-09-20,banned
1914,Hendra hasibuan,hendrahasibuan93@yahoo.com,08523739867,03/03/2025,aktive
1915,ani Nugroho,aninugroho98@hotmail.com,08115574649,2023-05-31,aktive
1916,Hadi Siregar,hadisiregar88@gmail.com,08528038277,09/01/2020,aktive
1917,Reza lubis,rezalubis84@yahoo.com,08521817300,09/10/2023,active
1918,putri Putra,putriputra29@gmail.com,08215893311,26-04-22,INACTIVE
1919,Ika tarigan,ikatarigan29@yahoo.com,08782288937,07-01-25,inactive
1920,doni Purnama,donipurnama40@hotmail.com,08784251673,2023-12-11,banned
1922,Rini Wijaya,riniwijaya34@yahoo.com,08963804075,07/01/2023,active
1923,MAYA HARAHAP,mayaharahap38@hotmail.com,08786412444,31-05-24,banned
1924,RATNA HIDAYAT,ratnahidayat16@yahoo.com,08526051155,26/08/2023,active
1925,Dedi Harahap,dediharahap7@yahoo.com,08217082121,08/01/2023,inactive
1927,Yanti Pratama,yantipratama80@hotmail.com,08966899361,30-06-22,inactive
1928,hendra purba,hendrapurba61@gmail.com,08131216386,2020-09-09,banned
1930,Tono Wijaya,tonowijaya88@gmail.com,08217258139,21-08-24,inactive
1931,nUR purba,nurpurba68@yahoo.com,08577912120,2022-01-03,INACTIVE
1932,bUDI Wahyuni,budiwahyuni53@yahoo.com,08523735175,28-12-20,active
1933,BUDI HASIBUAN,budihasibuan20@gmail.com,08124655356,18/01/2020,banned
1934,Joko Wijaya,jokowijaya26@gmail.com,08139445363,2022-08-05,active
1935,Muhammad Pratama,muhammadpratama53@yahoo.com,08194161109,01/04/2025,aktive
1936,Siti manurung,sitimanurung59@hotmail.com,08789818990,29/06/2022,active
1937,hadi siregar,hadisiregar41@gmail.com,08782912044,29-03-21,inactive
1938,wulan Kusuma,wulankusuma24@hotmail.com,08568725762,2020-02-10,aktive
1939,putri tanjung,putritanjung63@gmail.com,08122955647,25-10-23,active
1940,Ahmad Nugroho,ahmadnugroho81@yahoo.com,08131291577,02/01/2022,inactive
1941,Maya Wahyuni,mayawahyuni41@gmail.com,08576841992,03-07-20,active 
1942,Hadi manurung,hadimanurung8@hotmail.com,08217082891,2023-07-04,banned
1943,Joko lubis,jokolubis58@gmail.com,08138414487,13-07-24,active
1944,dedi simanjuntak,dedisimanjuntak27@yahoo.com,08969776515,28/03/2021,inactive
1945,dedi setiawan,dedisetiawan74@gmail.com,08523889156,2022-10-08,inactive
1946,Ratna Wahyuni,ratnawahyuni63@gmail.com,08211482504,2020-03-16,active
1947,Arif Putra,arifputra17@gmail.com,08124730545,06-10-22,active 
1948,putri Santoso,putrisantoso56@hotmail.com,08133388393,18-12-23,inactive
1949,Hendra lubis,hendralubis55@hotmail.com,08196157791,04/03/2021,INACTIVE
1950,wulan Simanjuntak,wulansimanjuntak55@yahoo.com,08134520547,05-02-21,active
1951,Mega Putra,megaputra50@yahoo.com,08132318772,22/03/2022,inactive
1952,ANDI UTAMI,andiutami5@gmail.com,08562874387,2024-11-16,inactive
1954,Siti purba,sitipurba48@hotmail.com,08578235132,08/10/2022,inactive
1955,Ika sinaga,ikasinaga42@gmail.com,08114294223,04/02/2023,inactive
1956,MAYA SANTOSO,mayasantoso25@hotmail.com,08121550170,13-09-23,aktive
1957,Joko Sari,jokosari87@gmail.com,08781994305,04-03-23,active
1958,Hendra Nasution,hendranasution81@gmail.com,08572995183,29-10-23,inactive
1959,DEDI WIJAYA,dediwijaya32@hotmail.com,08211726143,03/03/2023,active 
1961,Ratna Lestari,ratnalestari40@yahoo.com,08112619061,19-09-20,banned
1963,sri Putra,sriputra65@yahoo.com,08964355853,15-06-21,inactive
1965,Ika sinaga,ikasinaga9@gmail.com,08112523024,09-12-24,active 
1967,Andi lubis,andilubis59@yahoo.com,08966835728,27-01-21,inactive
1968,wULAN Gunawan,wulangunawan67@hotmail.com,08523693705,17-02-20,INACTIVE
1969,Ratna Sitorus,ratnasitorus68@hotmail.com,08785057108,20-10-23,inactive
1970,Hadi Kusuma,hadikusuma56@yahoo.com,08782146505,2023-06-12,banned
1971,wulan Simanjuntak,wulansimanjuntak18@hotmail.com,08121234617,26-10-23,active
1972,ani tanjung,anitanjung63@yahoo.com,08784640623,2024-12-13,active
1973,rEZA Harahap,rezaharahap97@yahoo.com,08195728772,2020-01-05,active
1974,wulan nugroho,wulannugroho22@gmail.com,08131072627,05-08-23,inactive
1975,Rudi Kusuma,rudikusuma3@yahoo.com,08124590582,15-04-25,inactive
1976,Yanti Putra,yantiputra29@gmail.com,08788964404,2020-04-16,inactive
1977,sri tarigan,sritarigan17@hotmail.com,08524105895,2022-06-04,aktive
1979,Ratna Nugroho,ratnanugroho76@gmail.com,08136952931,24-10-23,banned
1980,ratna harahap,ratnaharahap22@hotmail.com,08568115080,2022-08-13,banned
1981,MEGA UTAMI,megautami47@gmail.com,08199627700,10-01-22,active
1982,Ahmad Pratama,ahmadpratama84@hotmail.com,08197838023,03/04/2024,inactive
1983,dedi setiawan,dedisetiawan49@gmail.com,08126272748,15-12-24,INACTIVE
1984,ARIF GINTING,arifginting33@hotmail.com,08128816533,04/04/2021,inactive
1986,Ika Wijaya,ikawijaya77@gmail.com,08139318412,2022-12-26,banned
1987,Eko purba,ekopurba85@gmail.com,08525836389,09/10/2021,aktive
1988,Arif lubis,ariflubis84@gmail.com,08781681298,13/03/2022,banned
1989,Yanti Lestari,yantilestari7@gmail.com,08126504863,16/11/2021,inactive
1990,Agus Gunawan,agusgunawan15@hotmail.com,08572941503,07-12-24,active 
1991,Budi Lestari,budilestari57@yahoo.com,08565758210,12/07/2024,active
1992,Arif Sari,arifsari16@yahoo.com,08576234607,19/02/2024,inactive
1993,putri Siregar,putrisiregar33@hotmail.com,08574789527,2023-11-13,inactive
1994,Muhammad Nasution,muhammadnasution90@yahoo.com,08787833061,15/05/2025,active 
1995,RUDI MANURUNG,rudimanurung27@gmail.com,08218180005,21/02/2025,INACTIVE
1996,aGUS sinaga,agussinaga88@hotmail.com,08192167847,07/02/2021,banned
1997,Hendra Simanjuntak,hendrasimanjuntak2@hotmail.com,08577164643,2021-11-05,active
1998,sri Utami,sriutami54@yahoo.com,08131214510,08-05-20,active
1999,Maya Siregar,mayasiregar13@hotmail.com,08572764491,04/07/2023,aktive
2000,Reza hasibuan,rezahasibuan67@hotmail.com,08568349399,2020-02-27,active 
